{
 "PC": [
  37.4135328,
  -121.99655899999999
 ],
 "A": [
  37.41336796692832,
  -121.99590078602901
 ],
 "B": [
  37.41206227047131,
  -121.99655899999999
 ]
}