{"F": [0, 0], "M": [0, 0], "A2": [-4493.7149922, 25.175967483780006], "A3": [21.765763800000002, 0], "A4": [43.49265082146762, 0], "A5": [71.82525525745986, 0], "PC2": [49.15854720263181, 0], "PC3": [0, 0], "PC4": [0, 0], "PC5": [0.0, 71.59562698912374]}