{
 "F": [
  0.0,
  0.0,
  0.0,
  0.0
 ],
 "M": [
  0.0,
  0.0,
  0.0,
  0.0
 ],
 "PC2": [
  -0.9928539000000001,
  -18.0,
  -3627.0,
  -4500.0
 ],
 "PC3": [
  84.18938402325266,
  0.0,
  0.0,
  -4950.0
 ],
 "PC4": [
  82.82128670436947,
  0.0,
  0.0,
  0.0
 ],
 "PC5": [
  82.87109261929504,
  0.0,
  0.0,
  0.0
 ],
 "PC6": [
  90.2653106998468,
  0.0,
  0.0,
  0.0
 ],
 "PC7": [
  87.09108221605402,
  0.0,
  0.0,
  0.0
 ],
 "PC8": [
  86.97447646733345,
  0.0,
  0.0,
  0.0
 ],
 "PC9": [
  111.54838385827378,
  0.0,
  0.0,
  0.0
 ],
 "PC10": [
  89.68593009987617,
  102.84393161225022,
  200.33165653380155,
  18.0
 ],
 "A2": [
  -4907.28,
  -4950.0,
  -4504.92858,
  -4950.0
 ],
 "A3": [
  -3618.7353582898963,
  80.65550264653027,
  0.0,
  0.0
 ],
 "A4": [
  92.83771370993529,
  0.0,
  0.0,
  0.0
 ],
 "A5": [
  93.26631663361945,
  0.0,
  0.0,
  0.0
 ],
 "A6": [
  72.70155425984365,
  0.0,
  58.6645728794719,
  142.09355306819316
 ],
 "A7": [
  103.4988786399371,
  80.53480218400114,
  0.0,
  56.618434799999996
 ],
 "A8": [
  152.8051510258412,
  0.0,
  77.29043799960671,
  153.50912572321988
 ],
 "A9": [
  206.12549863838208,
  5.673121590482111,
  105.7642463543594,
  60.970031999999996
 ],
 "A10": [
  208.7872544276831,
  135.78788335703527,
  96.64298473196234,
  90.18570766428
 ],
 "B2": [
  -4950.0,
  -4950.0,
  -4500.0,
  -4504.92858
 ],
 "B3": [
  -3617.406531821427,
  -8.042116589999997,
  -3627.0,
  -15.725473200000001
 ],
 "B4": [
  19.080329611412644,
  0.0,
  0.0,
  -15.975421199999998
 ],
 "B5": [
  75.58922622169968,
  0.0,
  0.0,
  20.6184348
 ],
 "B6": [
  123.42681929132559,
  0.0,
  89.4926471704139,
  0.0
 ],
 "B7": [
  171.07725217493325,
  0.0,
  0.0,
  48.34506663391045
 ],
 "B8": [
  77.8341810468,
  76.10559931275759,
  0.0,
  86.895935388
 ],
 "B9": [
  147.783179388,
  0.0,
  0.0,
  0.0
 ],
 "B10": [
  190.24403999999998,
  0.0,
  0.0,
  0.0
 ]
}