{
 "F": [
  0.0,
  0.0,
  0.0,
  0.0,
  0.0,
  0.0,
  0.0
 ],
 "M": [
  0.0,
  0.0,
  0.0,
  0.0,
  0.0,
  0.0,
  0.0
 ],
 "PC2": [
  341.53175030506435,
  0.0,
  0.0,
  0.0,
  0.0,
  0.0,
  0.0
 ],
 "PC3": [
  -45.0,
  -18.0,
  -289.2687021245862,
  -348.179662814383,
  0.0,
  0.0,
  0.0
 ],
 "PC4": [
  352.2749610784159,
  0.0,
  0.0,
  0.0,
  0.0,
  0.0,
  0.0
 ],
 "PC5": [
  274.16595683704617,
  0.0,
  0.0,
  0.0,
  0.0,
  0.0,
  0.0
 ],
 "PC6": [
  0.0,
  0.0,
  789.8038658090738,
  0.0,
  0.0,
  211.5741459451542,
  0.0
 ],
 "PC7": [
  382.6922931513683,
  0.0,
  0.0,
  0.0,
  0.0,
  0.0,
  0.0
 ],
 "PC8": [
  253.18518891826807,
  0.0,
  0.0,
  219.12197311350545,
  131.93182173726908,
  0.0,
  0.0
 ],
 "PC9": [
  264.86991791913147,
  0.0,
  145.35170626236052,
  189.70877968172547,
  0.0,
  0.0,
  0.0
 ],
 "PC10": [
  241.951445186336,
  226.65102576505421,
  124.19561700000001,
  213.35353140608902,
  234.32743696942157,
  241.68558135552965,
  262.91829680517935
 ],
 "A2": [
  -4501.4109431466895,
  -4950.0,
  -4503.438,
  -4995.0,
  -3627.893916250228,
  -3645.415264283558,
  -4543.170640927127
 ],
 "A3": [
  -303.57623685840673,
  32.16613054779663,
  0.0,
  0.0,
  -3625.1532,
  0.0,
  0.0
 ],
 "A4": [
  162.98199838362007,
  0.0,
  0.0,
  0.0,
  0.0,
  0.0,
  0.0
 ],
 "A5": [
  91.0171081433978,
  0.0,
  72.53656292189572,
  0.0,
  18.0,
  313.07828397770675,
  0.0
 ],
 "A6": [
  284.12166310588395,
  232.35856642406503,
  0.0,
  151.27950861076823,
  0.0,
  0.0,
  162.49033528162312
 ],
 "A7": [
  208.43203544773945,
  0.0,
  72.75208375096358,
  0.0,
  0.0,
  69.51599999999999,
  0.0
 ],
 "A8": [
  196.00692082362417,
  0.0,
  51.43518424080002,
  18.0,
  616.1649889011517,
  0.0,
  0.0
 ],
 "A9": [
  86.4472422857143,
  226.75747552627553,
  0.0,
  0.0,
  0.0,
  94.62276000000001,
  0.0
 ],
 "A10": [
  109.94012926842858,
  0.0,
  0.0,
  0.0,
  0.0,
  0.0,
  0.0
 ],
 "B2": [
  -4497.2011111932,
  -4500.0,
  -4500.0,
  -4503.438,
  -321.55552062175013,
  -4950.0,
  -4500.0
 ],
 "B3": [
  232.52981961361297,
  0.0,
  18.0,
  0.0,
  0.0,
  0.0,
  0.0
 ],
 "B4": [
  54.58458931477126,
  0.0,
  0.0,
  0.0,
  0.0,
  0.0,
  0.0
 ],
 "B5": [
  100.53567189444558,
  0.0,
  0.0,
  49.32167741999998,
  0.0,
  0.0,
  0.0
 ],
 "B6": [
  0.0,
  0.0,
  0.0,
  0.0,
  0.0,
  0.0,
  211.0089763590184
 ],
 "B7": [
  190.82774859789447,
  0.0,
  0.0,
  0.0,
  0.0,
  0.0,
  0.0
 ],
 "B8": [
  0.0,
  301.7206692642575,
  0.0,
  0.0,
  128.4364620771211,
  0.0,
  180.44737527392516
 ],
 "B9": [
  261.8524311976534,
  0.0,
  0.0,
  0.0,
  0.0,
  0.0,
  0.0
 ],
 "B10": [
  158.38456587272728,
  246.15759523581727,
  0.0,
  0.0,
  0.0,
  0.0,
  0.0
 ],
 "C2": [
  -4949.991449726581,
  -4950.0,
  -4536.331020459915,
  -4500.0,
  -4503.438,
  -4529.262349270676,
  -4500.0
 ],
 "C3": [
  -3609.295535015561,
  13.35359172457153,
  72.80083398095124,
  40.429163593699556,
  -14.103130059011903,
  0.0,
  0.0
 ],
 "C4": [
  127.35921443566818,
  61.50712644635149,
  249.90345105213976,
  0.0,
  119.08460054342166,
  0.0,
  58.310101966614795
 ],
 "C5": [
  501.2860035505049,
  0.0,
  0.0,
  0.0,
  0.0,
  0.0,
  0.0
 ],
 "C6": [
  0.0,
  0.0,
  277.9168708939049,
  0.0,
  0.0,
  0.0,
  0.0
 ],
 "C7": [
  454.1027810719733,
  0.0,
  0.0,
  0.0,
  0.0,
  0.0,
  0.0
 ],
 "C8": [
  502.66355620630446,
  217.7340697758953,
  211.96673614557452,
  63.34767497306382,
  0.0,
  0.0,
  196.59811742837795
 ],
 "C9": [
  489.3905956206695,
  235.15889848811884,
  187.9181100747356,
  210.13730772022254,
  0.0,
  0.0,
  0.0
 ],
 "C10": [
  358.28871032680905,
  0.0,
  0.0,
  0.0,
  0.0,
  149.51673554290866,
  0.0
 ],
 "D2": [
  -38.670000000000016,
  -4500.0,
  -4950.0,
  -4500.0,
  -4525.2040275105655,
  -4500.0,
  -4500.0
 ],
 "D3": [
  -326.06214424246616,
  250.72184639469117,
  0.0,
  0.0,
  -3627.0,
  0.0,
  0.0
 ],
 "D4": [
  41.24438491098303,
  23.03909265265574,
  0.0,
  0.0,
  256.2804848374786,
  0.0,
  0.0
 ],
 "D5": [
  316.8498012351187,
  0.0,
  0.0,
  0.0,
  227.80140141513988,
  0.0,
  0.0
 ],
 "D6": [
  238.98042709278297,
  0.0,
  0.0,
  0.0,
  664.8827913571652,
  0.0,
  0.0
 ],
 "D7": [
  155.54908958228572,
  0.0,
  0.0,
  0.0,
  0.0,
  0.0,
  55.253347308
 ],
 "D8": [
  94.596,
  0.0,
  0.0,
  152.45684758405267,
  188.6718440178643,
  0.0,
  0.0
 ],
 "D9": [
  177.45885059239666,
  228.90266588641055,
  124.45043138907371,
  0.0,
  0.0,
  0.0,
  0.0
 ],
 "D10": [
  221.43423517096804,
  0.0,
  0.0,
  230.8169243638498,
  0.0,
  0.0,
  0.0
 ],
 "E2": [
  -4500.0,
  -4950.0,
  -4500.0,
  -4497.9595704,
  -3273.419412,
  -4499.023910506586,
  -4500.0
 ],
 "E3": [
  29.3979267718128,
  0.0,
  -260.41502292460154,
  0.0,
  28.396501898957233,
  117.17496000000001,
  0.0
 ],
 "E4": [
  80.77159885317997,
  29.53908,
  0.0,
  18.0,
  96.77522312957979,
  0.0,
  0.0
 ],
 "E5": [
  84.41223179275754,
  241.26129859529587,
  0.0,
  18.0,
  95.03088575334642,
  0.0,
  0.0
 ],
 "E6": [
  178.91496191553966,
  31.034988000000006,
  97.35396738660987,
  0.0,
  0.0,
  66.67953737142858,
  98.87589958525703
 ],
 "E7": [
  156.81864453680646,
  561.7002490439932,
  144.63127054948976,
  0.0,
  18.0,
  112.450248,
  154.23340624938174
 ],
 "E8": [
  480.1710569316318,
  0.0,
  201.96059095803275,
  0.0,
  211.55226433520863,
  0.0,
  194.43068070213744
 ],
 "E9": [
  259.86856469593005,
  256.16084878835795,
  234.7096941685396,
  219.89260578884648,
  601.7432391313122,
  195.83387084885896,
  155.22894038282928
 ],
 "E10": [
  572.0171723092875,
  222.5304893765284,
  19.8,
  262.70710569338263,
  228.9328376702923,
  254.02880773055847,
  262.6561882935822
 ]
}