{
 "F": [
  0.0,
  0.0,
  0.0,
  0.0,
  0.0,
  0.0,
  0.0
 ],
 "M": [
  0.0,
  0.0,
  0.0,
  0.0,
  0.0,
  0.0,
  0.0
 ],
 "PC2": [
  371.8407774164193,
  313.3414259975319,
  0.0,
  0.0,
  -4950.0,
  0.0,
  -3503.5186696092005
 ],
 "PC3": [
  -45.0,
  318.52487621482646,
  -289.2687021245862,
  -348.179662814383,
  -3627.0,
  -3628.33227,
  -2633.4697237200003
 ],
 "PC4": [
  380.1372428559048,
  0.0,
  0.0,
  0.0,
  0.0,
  0.0,
  0.0
 ],
 "PC5": [
  306.94914609840083,
  0.0,
  0.0,
  0.0,
  0.0,
  0.0,
  0.0
 ],
 "PC6": [
  368.3972171797022,
  0.0,
  454.38795798868307,
  0.0,
  0.0,
  211.5741459451542,
  162.92111915158713
 ],
 "PC7": [
  417.8705530148263,
  0.0,
  0.0,
  0.0,
  240.840272385757,
  0.0,
  0.0
 ],
 "PC8": [
  398.0814293916405,
  0.0,
  186.82994871266897,
  194.48267367564506,
  131.93182173726908,
  0.0,
  297.1128764716383
 ],
 "PC9": [
  401.62100432338366,
  0.0,
  145.35170626236052,
  189.70877968172547,
  0.0,
  0.0,
  0.0
 ],
 "PC10": [
  336.1890044033806,
  310.4200242804326,
  124.19561700000001,
  339.1527322358878,
  504.1360789812156,
  305.84159967201344,
  329.5349418060421
 ],
 "A2": [
  -4501.4109431466895,
  -4950.0,
  -4503.438,
  -4995.0,
  -3627.893916250228,
  -3645.415264283558,
  -4543.170640927127
 ],
 "A3": [
  -303.57623685840673,
  322.81143603661604,
  209.80580639404064,
  -2948.171668970362,
  -3625.1532,
  -3590.4026840735423,
  0.0
 ],
 "A4": [
  410.67729939481967,
  0.0,
  10.670294261113668,
  0.0,
  0.0,
  0.0,
  0.0
 ],
 "A5": [
  91.0171081433978,
  0.0,
  72.53656292189572,
  0.0,
  311.10168876008595,
  386.4808039470421,
  390.33312110983906
 ],
 "A6": [
  387.29129556129607,
  245.3102816804139,
  0.0,
  213.60864607310256,
  0.0,
  438.15116902484436,
  162.49033528162312
 ],
 "A7": [
  497.56393626836046,
  0.0,
  72.75208375096358,
  0.0,
  0.0,
  69.51599999999999,
  191.9953159715184
 ],
 "A8": [
  196.00692082362417,
  0.0,
  51.43518424080002,
  18.0,
  616.1649889011517,
  0.0,
  0.0
 ],
 "A9": [
  86.4472422857143,
  277.8648933785949,
  0.0,
  0.0,
  0.0,
  352.50407577347397,
  0.0
 ],
 "A10": [
  326.96461278135433,
  0.0,
  0.0,
  226.55021981085636,
  0.0,
  0.0,
  0.0
 ],
 "B2": [
  -4497.2011111932,
  -4500.0,
  -4500.0,
  -4503.438,
  -4901.689653611546,
  -4950.0,
  -4500.0
 ],
 "B3": [
  -214.40698974225637,
  0.0,
  248.9521394815252,
  0.0,
  0.0,
  0.0,
  0.0
 ],
 "B4": [
  317.91395336218727,
  296.52009891898905,
  0.0,
  0.0,
  0.0,
  0.0,
  112.91171760000002
 ],
 "B5": [
  650.8356557357906,
  0.0,
  0.0,
  49.32167741999998,
  303.5806959379919,
  0.0,
  0.0
 ],
 "B6": [
  0.0,
  0.0,
  0.0,
  152.9172708508049,
  0.0,
  0.0,
  317.9044198514456
 ],
 "B7": [
  222.60259597321328,
  0.0,
  0.0,
  0.0,
  0.0,
  509.1240857128349,
  0.0
 ],
 "B8": [
  0.0,
  402.7830657873373,
  0.0,
  0.0,
  128.4364620771211,
  0.0,
  180.44737527392516
 ],
 "B9": [
  257.46940717389674,
  0.0,
  0.0,
  0.0,
  0.0,
  0.0,
  463.83593328108543
 ],
 "B10": [
  158.38456587272728,
  325.1677783905089,
  0.0,
  0.0,
  0.0,
  0.0,
  630.2813224199548
 ],
 "C2": [
  -4949.991449726581,
  -4950.0,
  -4536.331020459915,
  -4950.0,
  -4876.36770078,
  -4952.9262349270675,
  -4950.0
 ],
 "C3": [
  -3609.295535015561,
  13.35359172457153,
  348.48654903789907,
  40.429163593699556,
  -14.103130059011903,
  0.0,
  0.0
 ],
 "C4": [
  96.1183640382163,
  61.50712644635149,
  334.35229420992795,
  302.3657049936892,
  90.36698649451371,
  298.3797656310497,
  175.52557438176655
 ],
 "C5": [
  353.43800992875964,
  0.0,
  0.0,
  0.0,
  85.16096369289123,
  0.0,
  96.38793073495962
 ],
 "C6": [
  247.02893380728634,
  254.195060251877,
  391.21455238220904,
  0.0,
  243.87353167948547,
  0.0,
  331.12187585414574
 ],
 "C7": [
  456.5046682365797,
  275.6563628582992,
  509.8766381244363,
  285.3581045833006,
  0.0,
  582.8635925017045,
  0.0
 ],
 "C8": [
  516.6629894676528,
  348.0100299048038,
  211.96673614557452,
  63.34767497306382,
  419.14811455937706,
  350.0904411617582,
  438.1362962966881
 ],
 "C9": [
  497.8791195582617,
  342.23375697361803,
  321.06527439784014,
  293.6206737902675,
  0.0,
  273.36562325184593,
  425.7954457522136
 ],
 "C10": [
  494.61266556933475,
  408.847648871355,
  0.0,
  406.5474711436625,
  0.0,
  319.3144309859672,
  0.0
 ],
 "D2": [
  -4503.867,
  -4950.0,
  -4950.0,
  -3685.686194253527,
  -4525.2040275105655,
  -4765.1672275182755,
  -4500.0
 ],
 "D3": [
  -2986.2120317696035,
  346.845892170547,
  0.0,
  0.0,
  -68.90885072789979,
  0.0,
  297.348671803613
 ],
 "D4": [
  345.96205701319434,
  23.03909265265574,
  0.0,
  0.0,
  297.5912487855107,
  272.2861306232475,
  0.0
 ],
 "D5": [
  325.58393411948197,
  0.0,
  0.0,
  0.0,
  213.18822222290723,
  0.0,
  213.42165186218966
 ],
 "D6": [
  238.98042709278297,
  0.0,
  0.0,
  0.0,
  441.6441202604437,
  0.0,
  312.241789586846
 ],
 "D7": [
  488.70480181996396,
  0.0,
  516.1117295983803,
  198.30810273830278,
  474.53555334196534,
  420.17638098497554,
  55.253347308
 ],
 "D8": [
  94.596,
  0.0,
  0.0,
  152.45684758405267,
  436.44443788480805,
  0.0,
  0.0
 ],
 "D9": [
  177.45885059239666,
  423.0600086283583,
  124.45043138907371,
  0.0,
  0.0,
  0.0,
  0.0
 ],
 "D10": [
  221.43423517096804,
  0.0,
  0.0,
  513.1112008824718,
  0.0,
  0.0,
  0.0
 ],
 "E2": [
  -4500.0,
  -4950.0,
  -4950.0,
  -4497.9595704,
  -4895.43419412,
  -4499.023910506586,
  -4500.0
 ],
 "E3": [
  29.3979267718128,
  0.0,
  -260.41502292460154,
  0.0,
  28.396501898957233,
  345.7625913584751,
  0.0
 ],
 "E4": [
  249.74693506487486,
  29.53908,
  0.0,
  18.0,
  181.41591062780805,
  0.0,
  47.72139770205623
 ],
 "E5": [
  84.41223179275754,
  352.5446541152454,
  0.0,
  18.0,
  95.03088575334642,
  0.0,
  0.0
 ],
 "E6": [
  321.6612633413216,
  31.034988000000006,
  97.35396738660987,
  0.0,
  168.80061272611232,
  66.67953737142858,
  98.87589958525703
 ],
 "E7": [
  156.81864453680646,
  374.46745766735006,
  237.80085354159797,
  0.0,
  18.0,
  112.450248,
  154.23340624938174
 ],
 "E8": [
  430.3256310386409,
  0.0,
  201.96059095803275,
  0.0,
  211.55226433520863,
  0.0,
  337.95260631786624
 ],
 "E9": [
  407.75680640430096,
  378.81500366374627,
  315.65409273473415,
  316.7252808459277,
  422.0089951413057,
  291.6695066653749,
  155.22894038282928
 ],
 "E10": [
  620.8767256909973,
  324.94906130522423,
  313.7739031445031,
  262.70710569338263,
  335.70532297103136,
  306.7812912270698,
  284.45008115095925
 ]
}