{
 "F": [
  0.0,
  0.0,
  0.0,
  0.0,
  0.0,
  0.0,
  0.0
 ],
 "M": [
  0.0,
  0.0,
  0.0,
  0.0,
  0.0,
  0.0,
  0.0
 ],
 "PC2": [
  200.49579507422368,
  0.0,
  0.0,
  0.0,
  0.0,
  0.0,
  0.0
 ],
 "PC3": [
  -45.0,
  -18.0,
  47.900421531395665,
  0.0,
  0.0,
  0.0,
  0.0
 ],
 "PC4": [
  199.05873531161214,
  0.0,
  0.0,
  0.0,
  0.0,
  0.0,
  0.0
 ],
 "PC5": [
  193.80234810451805,
  0.0,
  0.0,
  0.0,
  0.0,
  0.0,
  0.0
 ],
 "PC6": [
  0.0,
  0.0,
  201.6778813882642,
  0.0,
  0.0,
  0.0,
  0.0
 ],
 "PC7": [
  0.0,
  0.0,
  0.0,
  0.0,
  0.0,
  0.0,
  0.0
 ],
 "PC8": [
  191.43566132178626,
  0.0,
  0.0,
  0.0,
  0.0,
  0.0,
  0.0
 ],
 "PC9": [
  171.5911164495787,
  0.0,
  145.35170626236052,
  0.0,
  0.0,
  0.0,
  0.0
 ],
 "PC10": [
  -45.0,
  143.91705129554785,
  124.19561700000001,
  133.80933885374625,
  0.0,
  160.0991908823429,
  240.36034109624876
 ],
 "A2": [
  -399.0047413943994,
  -4500.0,
  -18.0,
  -4950.0,
  -3627.893916250228,
  -184.1526428355796,
  -431.7064092712735
 ],
 "A3": [
  26.82685788177075,
  0.0,
  0.0,
  0.0,
  -3625.1532,
  0.0,
  0.0
 ],
 "A4": [
  70.18359599364726,
  0.0,
  0.0,
  0.0,
  0.0,
  0.0,
  0.0
 ],
 "A5": [
  100.5318174565222,
  0.0,
  72.53656292189572,
  0.0,
  18.0,
  0.0,
  0.0
 ],
 "A6": [
  134.95654409346722,
  0.0,
  0.0,
  0.0,
  0.0,
  0.0,
  0.0
 ],
 "A7": [
  121.18061835467978,
  0.0,
  72.75208375096358,
  0.0,
  0.0,
  69.51599999999999,
  0.0
 ],
 "A8": [
  282.33205265867156,
  0.0,
  51.43518424080002,
  0.0,
  0.0,
  0.0,
  0.0
 ],
 "A9": [
  86.4472422857143,
  159.96031733313583,
  0.0,
  0.0,
  0.0,
  94.62276000000001,
  0.0
 ],
 "A10": [
  109.94012926842858,
  0.0,
  0.0,
  0.0,
  0.0,
  0.0,
  0.0
 ],
 "B2": [
  0.022800000000000015,
  0.0,
  0.0,
  0.0,
  0.0,
  -4500.0,
  0.0
 ],
 "B3": [
  121.95547684000336,
  0.0,
  18.0,
  0.0,
  0.0,
  0.0,
  0.0
 ],
 "B4": [
  55.552199999999985,
  0.0,
  0.0,
  0.0,
  0.0,
  0.0,
  0.0
 ],
 "B5": [
  84.9,
  0.0,
  0.0,
  0.0,
  0.0,
  0.0,
  0.0
 ],
 "B6": [
  0.0,
  0.0,
  0.0,
  0.0,
  0.0,
  0.0,
  0.0
 ],
 "B7": [
  0.0,
  0.0,
  0.0,
  0.0,
  0.0,
  0.0,
  0.0
 ],
 "B8": [
  0.0,
  0.0,
  0.0,
  0.0,
  0.0,
  0.0,
  208.0165330505877
 ],
 "B9": [
  221.23531443539935,
  0.0,
  0.0,
  0.0,
  0.0,
  0.0,
  0.0
 ],
 "B10": [
  158.38456587272728,
  183.60682541466647,
  0.0,
  0.0,
  0.0,
  0.0,
  0.0
 ],
 "C2": [
  -4949.991449726581,
  -4950.0,
  -4500.0,
  -4500.0,
  -4503.438,
  -4529.262349270676,
  -4500.0
 ],
 "C3": [
  -3609.295535015561,
  66.23620221659758,
  35.43336250081807,
  0.0,
  -14.103130059011903,
  0.0,
  0.0
 ],
 "C4": [
  131.70178365544112,
  61.50712644635149,
  0.0,
  0.0,
  0.0,
  0.0,
  58.310101966614795
 ],
 "C5": [
  221.9548299995838,
  0.0,
  0.0,
  0.0,
  0.0,
  0.0,
  0.0
 ],
 "C6": [
  0.0,
  0.0,
  121.85431067369629,
  0.0,
  0.0,
  0.0,
  0.0
 ],
 "C7": [
  93.17933583108,
  0.0,
  0.0,
  0.0,
  0.0,
  0.0,
  0.0
 ],
 "C8": [
  0.0,
  0.0,
  291.1831289954496,
  0.0,
  0.0,
  0.0,
  0.0
 ],
 "C9": [
  179.557584641608,
  0.0,
  111.52504207600008,
  0.0,
  0.0,
  0.0,
  0.0
 ],
 "C10": [
  185.26111738257634,
  0.0,
  0.0,
  0.0,
  0.0,
  0.0,
  0.0
 ],
 "D2": [
  -4500.0,
  -4500.0,
  -4950.0,
  -4500.0,
  -4525.2040275105655,
  -4500.0,
  -4500.0
 ],
 "D3": [
  125.98787293242226,
  0.0,
  0.0,
  0.0,
  0.0,
  0.0,
  0.0
 ],
 "D4": [
  25.08,
  163.889585086127,
  0.0,
  0.0,
  0.0,
  0.0,
  0.0
 ],
 "D5": [
  126.17896332881446,
  0.0,
  0.0,
  0.0,
  0.0,
  0.0,
  0.0
 ],
 "D6": [
  127.07965422857144,
  0.0,
  0.0,
  0.0,
  0.0,
  0.0,
  0.0
 ],
 "D7": [
  106.8948,
  0.0,
  0.0,
  0.0,
  0.0,
  0.0,
  55.253347308
 ],
 "D8": [
  94.596,
  0.0,
  0.0,
  152.45684758405267,
  0.0,
  0.0,
  0.0
 ],
 "D9": [
  71.35901882863274,
  0.0,
  124.45043138907371,
  0.0,
  0.0,
  0.0,
  0.0
 ],
 "D10": [
  162.36634017643044,
  0.0,
  0.0,
  0.0,
  0.0,
  0.0,
  0.0
 ],
 "E2": [
  -4500.0,
  -4950.0,
  -4500.0,
  -4497.9595704,
  -3273.419412,
  -4499.023910506586,
  -4500.0
 ],
 "E3": [
  29.3979267718128,
  0.0,
  -260.41502292460154,
  0.0,
  28.396501898957233,
  117.17496000000001,
  0.0
 ],
 "E4": [
  80.77159885317997,
  29.53908,
  0.0,
  18.0,
  96.77522312957979,
  0.0,
  0.0
 ],
 "E5": [
  84.41223179275754,
  107.20249718523031,
  0.0,
  18.0,
  274.99693808947535,
  0.0,
  0.0
 ],
 "E6": [
  339.2529908715296,
  31.034988000000006,
  97.35396738660987,
  0.0,
  0.0,
  66.67953737142858,
  0.0
 ],
 "E7": [
  178.53749867876883,
  79.94074173594824,
  144.63127054948976,
  0.0,
  18.0,
  78.65460000000002,
  78.61741135059242
 ],
 "E8": [
  191.15546435350413,
  0.0,
  168.46791523883098,
  0.0,
  71.80200000000002,
  0.0,
  150.49157620892842
 ],
 "E9": [
  204.03465599696762,
  119.0786352958036,
  0.0,
  161.30603427322612,
  156.3800834920686,
  0.0,
  155.22894038282928
 ],
 "E10": [
  213.21403226175232,
  150.41192892655508,
  19.8,
  54.20687425174825,
  154.87131176724864,
  91.87227213808293,
  176.6774750664872
 ]
}