{"F": [0, 0], "M": [0, 0], "A2": [-4490.335220387146, -4500.0], "A3": [61.52329800000001, 0], "A4": [40.694411295918, 0], "A5": [43.228561095917996, 4.605040306883183], "PC2": [0, 0], "PC3": [0, 0], "PC4": [0, 0], "PC5": [0.0, 60.986061432523115]}